{"cameraMode":{"drawMode":0,"name":"Shaded","section":"Shading Mode"},"sceneLighting":true,"audioPlay":false,"sceneViewState":{"showFog":true,"showMaterialUpdate":false,"showSkybox":true,"showFlares":true,"showImageEffects":true,"showParticleSystems":true},"in2DMode":false,"pivot":{"x":1.657162070274353,"y":-31.79301643371582,"z":23.487199783325197},"rotation":{"x":0.4050932824611664,"y":0.0001607158046681434,"z":-0.000010132339411939029,"w":0.9144453406333923},"size":70.02301788330078,"orthographic":false}